learner,dimension,rep,bayes_final_tuning_mse,bayes_pehe,random_final_tuning_mse,random_pehe,delta_mse_bayes_minus_random,delta_pehe_bayes_minus_random
x_cb,1d,0,1.1242209160506542,0.1138428174816081,1.1286333278678975,0.1126091693823995,-0.004412411817243278,0.0012336480992086035
x_cb,1d,1,1.1229442785053163,0.3539047452290138,1.1218155126978673,0.3550232947862663,0.001128765807449028,-0.0011185495572525461
x_cb,1d,2,1.2176983460273034,0.1238917259989055,1.2171202267611658,0.1286281301355553,0.0005781192661376,-0.004736404136649802
x_cb,1d,3,1.1176187404469191,0.2587581130839447,1.1207480141047317,0.2651494257527665,-0.00312927365781257,-0.006391312668821814
x_cb,1d,4,1.196794820929809,0.1234873948498204,1.193948001170725,0.1235739000989516,0.0028468197590838518,-8.650524913120239e-05
x_cb,1d,5,1.1428420772592909,0.1287479922499808,1.145325398553239,0.1242043812151412,-0.0024833212939481264,0.0045436110348395925
x_cb,1d,6,1.1006947826208042,0.1232071235207603,1.1068443798986316,0.132732357960363,-0.006149597277827379,-0.009525234439602709
x_cb,1d,7,1.1663087700477548,0.1052104718383119,1.1722300247648538,0.0960114532476919,-0.005921254717099034,0.00919901859062
x_cb,1d,8,1.2054173149508007,0.1722278671681192,1.2041680259140268,0.1733947325221036,0.001249289036773904,-0.0011668653539844143
x_cb,1d,9,1.1814886205273654,0.1194112723525319,1.1860463016239005,0.1354201518484409,-0.004557681096535093,-0.016008879495908984
x_cb,1d,10,1.1472233421068336,0.1092578747312864,1.1467712333543856,0.1172126878069057,0.00045210875244805493,-0.007954813075619308
x_cb,1d,11,1.1615630646270858,0.1345962364942598,1.1708690547317997,0.1401221247506793,-0.00930599010471389,-0.005525888256419503
x_cb,1d,12,1.2281726344818849,0.1972967714092077,1.2295145703811112,0.1972598161061253,-0.0013419358992263763,3.6955303082397695e-05
x_cb,1d,13,1.1669356055169446,0.108902518425899,1.1634807193621894,0.1136505548628671,0.003454886154755199,-0.004748036436968098
x_cb,1d,14,1.109914645909745,0.0852658143613789,1.1070747674478802,0.0880941640382901,0.002839878461864842,-0.0028283496769112015
x_cb,1d,15,1.219035270309473,0.1484768787078689,1.226451291911893,0.152919510055778,-0.007416021602420164,-0.004442631347909093
x_cb,1d,16,1.2503605061030052,0.1567121857690273,1.2553586288600345,0.1660601119966578,-0.004998122757029266,-0.009347926227630504
x_cb,1d,17,1.1555980264014187,0.1036539068187271,1.1567375678328158,0.1139003506997552,-0.0011395414313970509,-0.010246443881028092
x_cb,1d,18,1.163144824393381,0.0932157579828891,1.163253621898502,0.0956342016931404,-0.00010879750512082786,-0.0024184437102512946
x_cb,1d,19,1.2276901735510195,0.178992040531339,1.2307835466524966,0.1797078625856995,-0.0030933731014770594,-0.0007158220543605209
x_cb,1d,20,1.174452697021738,0.1113399034105866,1.1705351449753818,0.1118232633272933,0.003917552046356132,-0.0004833599167066993
x_cb,1d,21,1.187283164081741,0.1381041606150498,1.1892354765534705,0.1467222046757511,-0.001952312471729556,-0.008618044060701296
x_cb,1d,22,1.1328827542251814,0.1224162393842437,1.1375879342675437,0.1224905255064613,-0.004705180042362311,-7.428612221760389e-05
x_cb,1d,23,1.1823663577507662,0.1413723192045438,1.1863869963386282,0.1347935908332347,-0.004020638587862058,0.0065787283713091005
x_cb,1d,24,1.2536633229772078,0.0763635122905657,1.261322903959173,0.0851390380577279,-0.007659580981965064,-0.008775525767162201
x_cb,1d,25,1.1146603012172227,0.2015050142123352,1.1176779575108016,0.2213809970906308,-0.003017656293578863,-0.019875982878295617
x_cb,1d,26,1.1926955969681952,0.1603865472275195,1.1964072213278367,0.1545879072258802,-0.0037116243596415632,0.005798640001639294
x_cb,1d,27,1.1821004759310132,0.2019475833442092,1.182068302623888,0.2086933514702242,3.217330712512734e-05,-0.006745768126014989
x_cb,1d,28,1.1098200623644614,0.2255456637559314,1.1112815501972706,0.220427831844791,-0.001461487832809194,0.0051178319111404025
x_cb,1d,29,1.2047925284446943,0.1046961939541989,1.2041342423947827,0.1140093883131263,0.0006582860499115828,-0.009313194358927412
x_cb,2d,0,1.1057025970036891,0.105142118673547,1.1409248105737204,0.127492250302942,-0.0352222135700313,-0.022350131629395004
x_cb,2d,1,1.0964533487963184,0.3382529173183055,1.1340242961230886,0.3573375324219658,-0.03757094732677024,-0.01908461510366033
x_cb,2d,2,1.1857834872276884,0.1144772866818071,1.233622180861257,0.1720271466813259,-0.04783869363356863,-0.05754985999951881
x_cb,2d,3,1.0849052193780997,0.2451434373120342,1.1314808227471953,0.2848881576013714,-0.04657560336909561,-0.039744720289337176
x_cb,2d,4,1.186923689769788,0.1020629184577132,1.2111890980461717,0.1476817645296373,-0.024265408276383793,-0.045618846071924096
x_cb,2d,5,1.1186577330050351,0.1176987281201385,1.1793998400858448,0.1425109819434694,-0.060742107080809626,-0.024812253823330896
x_cb,2d,6,1.0861103024939949,0.1187463990461695,1.102772942992974,0.1494622844497764,-0.016662640498979142,-0.03071588540360691
x_cb,2d,7,1.1409441483050753,0.0957730363524662,1.1975941531673957,0.1318984565120047,-0.05665000486232041,-0.03612542015953851
x_cb,2d,8,1.1749884838197786,0.157717190188811,1.2228141553539686,0.1696831897631283,-0.04782567153419004,-0.011965999574317293
x_cb,2d,9,1.1738514234536803,0.1213529865538493,1.1964176853090738,0.1319351865506102,-0.022566261855393455,-0.01058219999676091
x_cb,2d,10,1.1334128628601154,0.1022877795582111,1.1558019346324253,0.1457502009899176,-0.022389071772309865,-0.04346242143170649
x_cb,2d,11,1.1193754361785802,0.1098923370501559,1.1826649449148663,0.1430544381842375,-0.06328950873628614,-0.03316210113408159
x_cb,2d,12,1.1906550039793105,0.1934949866379514,1.2276374451443708,0.1943157452663386,-0.03698244116506033,-0.0008207586283872081
x_cb,2d,13,1.149717016214267,0.0764523528102406,1.175316104464972,0.1281543675142467,-0.025599088250705115,-0.051702014704006094
x_cb,2d,14,1.0797379760796553,0.0784415870099342,1.103462744128956,0.0972687747712309,-0.023724768049300682,-0.0188271877612967
x_cb,2d,15,1.198696193823162,0.1271887838853209,1.2433892722889637,0.190097534483082,-0.04469307846580173,-0.0629087505977611
x_cb,2d,16,1.214965118546826,0.1621454035213611,1.2734043837781597,0.2217880942205888,-0.05843926523133369,-0.0596426906992277
x_cb,2d,17,1.140194837130086,0.1050882932661059,1.1659652467336674,0.1583376938313918,-0.025770409603581346,-0.05324940056528589
x_cb,2d,18,1.131086288470831,0.0900116148535601,1.1704750094232146,0.1261967128594099,-0.03938872095238355,-0.03618509800584979
x_cb,2d,19,1.206915641889386,0.1703783458074086,1.2675975138755171,0.1777419461217479,-0.060681871986131064,-0.0073636003143393025
x_cb,2d,20,1.1296706393063811,0.1051752242335097,1.192018720465098,0.1363025755965725,-0.06234808115871693,-0.0311273513630628
x_cb,2d,21,1.1529172789367346,0.1330406662628945,1.1809129670620522,0.1772124000039556,-0.027995688125317608,-0.04417173374106109
x_cb,2d,22,1.0999512160165594,0.1158786725330355,1.1507222983711969,0.1346105742581441,-0.05077108235463745,-0.018731901725108593
x_cb,2d,23,1.170118009435852,0.1351202897504715,1.1900033465435311,0.1748912544102626,-0.019885337107679035,-0.0397709646597911
x_cb,2d,24,1.2210357583849116,0.0691364283654879,1.2728058776393487,0.1033627285853518,-0.051770119254437086,-0.03422630021986389
x_cb,2d,25,1.1129913446809665,0.2054069826883362,1.126894135345556,0.2244841552115773,-0.013902790664589437,-0.019077172523241093
x_cb,2d,26,1.15473922014345,0.1485856408906088,1.2104908554739184,0.1794906477043812,-0.05575163533046834,-0.030905006813772395
x_cb,2d,27,1.1607079963810063,0.1908259736044149,1.185380978052639,0.2160732179875686,-0.024672981671632677,-0.025247244383153705
x_cb,2d,28,1.090397704055334,0.1991318213290075,1.109087879392505,0.2317685477662283,-0.018690175337170878,-0.03263672643722079
x_cb,2d,29,1.1729090413800016,0.0893363516390004,1.2029803697010026,0.1468723929091451,-0.030071328321001012,-0.05753604127014471
x_cb,4d,0,1.1013723921416558,0.1112687298077438,1.1085867009603152,0.0957559760604308,-0.007214308818659365,0.015512753747312993
x_cb,4d,1,1.0822770386433131,0.3198984741108314,1.0884803817688091,0.3373495430243551,-0.006203343125495975,-0.017451068913523715
x_cb,4d,2,1.1759329348371752,0.1457415059977358,1.1915951864241017,0.1320408652873849,-0.015662251586926468,0.013700640710350903
x_cb,4d,3,1.073251948965106,0.2270160154626656,1.0875615090646675,0.2368998614061831,-0.014309560099561525,-0.009883845943517516
x_cb,4d,4,1.174395021961095,0.124485734781663,1.1852677718718148,0.0977450158279279,-0.010872749910719737,0.0267407189537351
x_cb,4d,5,1.12094811149103,0.1196308354944356,1.125369905214867,0.1128282088124504,-0.0044217937238368865,0.006802626681985197
x_cb,4d,6,1.084576862038019,0.1218624424344043,1.0918573625431038,0.1175726071047823,-0.007280500505084886,0.004289835329622002
x_cb,4d,7,1.1329243654570151,0.1013686424625133,1.1430351395565408,0.0825810138302327,-0.010110774099525655,0.018787628632280604
x_cb,4d,8,1.1757418512339814,0.1702802346124239,1.184124872829735,0.1468610716809307,-0.008383021595753659,0.02341916293149318
x_cb,4d,9,1.1686922799230153,0.1143955222434674,1.1758721246446484,0.1111454920163278,-0.007179844721633133,0.0032500302271395998
x_cb,4d,10,1.1234948934601736,0.108917217848844,1.129028223579195,0.1233714172119645,-0.005533330119021462,-0.014454199363120493
x_cb,4d,11,1.1080525196205102,0.1108910809802912,1.1148097858784076,0.1097382739035528,-0.00675726625789741,0.001152807076738399
x_cb,4d,12,1.179392343974153,0.1936307152673667,1.1953953320433328,0.1851015296811633,-0.01600298806917988,0.008529185586203386
x_cb,4d,13,1.1477551477574333,0.0767706181147763,1.1471386917183406,0.0815001063885509,0.000616456039092661,-0.004729488273774604
x_cb,4d,14,1.066773641984373,0.0794796509482701,1.0727173438551243,0.0936077765556777,-0.005943701870751328,-0.014128125607407602
x_cb,4d,15,1.1896328378758894,0.1184731341235987,1.1982007055039074,0.123590184100671,-0.008567867628018089,-0.0051170499770723105
x_cb,4d,16,1.1992632453912695,0.1746393433777161,1.2215026206746775,0.1468440335041738,-0.022239375283408025,0.027795309873542312
x_cb,4d,17,1.1229655835373302,0.1427166415370326,1.1346045758577157,0.0941164689456365,-0.011638992320385455,0.048600172591396096
x_cb,4d,18,1.131359006157048,0.0982770907432081,1.1428165140782085,0.1034970167812356,-0.011457507921160515,-0.0052199260380274976
x_cb,4d,19,1.2062530909243618,0.1758124184827904,1.205395864060529,0.1741820596399293,0.0008572268638329383,0.001630358842861085
x_cb,4d,20,1.1357943772573469,0.103130688228568,1.143161374989243,0.1104567733544798,-0.0073669977318961966,-0.007326085125911805
x_cb,4d,21,1.1469762970155126,0.1413716621134033,1.1595386715977452,0.1264328244925051,-0.012562374582232527,0.014938837620898204
x_cb,4d,22,1.1032711776908266,0.1256646684572782,1.1123480035811135,0.1184313021964031,-0.00907682589028691,0.00723336626087509
x_cb,4d,23,1.1490094519013148,0.1259935604581034,1.1622541287565449,0.1150916810770082,-0.01324467685523012,0.010901879381095186
x_cb,4d,24,1.2213395457183256,0.0832048682347774,1.2308200037245691,0.0687094104215558,-0.00948045800624353,0.01449545781322159
x_cb,4d,25,1.1085522725299544,0.21589688336091,1.1081679485478124,0.2231065116314367,0.0003843239821419431,-0.00720962827052668
x_cb,4d,26,1.1522741664773448,0.166874447785138,1.1625801288704134,0.1652797012055672,-0.01030596239306858,0.0015947465795707882
x_cb,4d,27,1.1585149119697185,0.1912388550548039,1.1594573077094388,0.1962334301712335,-0.0009423957397203253,-0.004994575116429617
x_cb,4d,28,1.0879683476031528,0.2153198593497005,1.0882586235084426,0.2119564467833023,-0.0002902759052898496,0.0033634125663981884
x_cb,4d,29,1.1582274528095755,0.0944021344970574,1.1563544245864632,0.1036301236764102,0.0018730282231123052,-0.009227989179352802
x_cb,6d,0,1.089108492344895,0.0967701462841958,1.104689292454825,0.0998276917395214,-0.015580800109930015,-0.0030575454553256054
x_cb,6d,1,1.0684815423985234,0.3794130488438597,1.083902283124621,0.3734840149911004,-0.01542074072609756,0.00592903385275928
x_cb,6d,2,1.1584880659271657,0.1186955395824661,1.1940758894667154,0.1835143774285361,-0.0355878235395497,-0.06481883784607
x_cb,6d,3,1.068397547567727,0.2647182017645128,1.095835577072541,0.2702333003999907,-0.027438029504814,-0.005515098635477944
x_cb,6d,4,1.1554933738061992,0.0957156857191572,1.191980342475042,0.1128670172557572,-0.03648696866884271,-0.017151331536599992
x_cb,6d,5,1.0957200261501163,0.1622030070900594,1.1121535911095368,0.1475426255586594,-0.0164335649594205,0.01466038153139998
x_cb,6d,6,1.0748972391226552,0.1444100329322064,1.0770542370817282,0.1475051375752,-0.0021569979590729815,-0.003095104642993618
x_cb,6d,7,1.1181036380201048,0.1390284432682552,1.1369809411458436,0.0980300980694732,-0.018877303125738765,0.040998345198781996
x_cb,6d,8,1.1405607592767335,0.191716693837715,1.1635850947221038,0.1711750185707,-0.023024335445370303,0.020541675267015003
x_cb,6d,9,1.1438539758982489,0.0990895536266124,1.1631109825187405,0.165838915844038,-0.019257006620491568,-0.06674936221742561
x_cb,6d,10,1.1074101557552616,0.119707391148456,1.1320642023149416,0.1567579778645833,-0.024654046559680065,-0.03705058671612729
x_cb,6d,11,1.1115203243756608,0.1755497061910177,1.122786840119396,0.1426006978478453,-0.01126651574373505,0.03294900834317241
x_cb,6d,12,1.1439558342128116,0.2289155503500843,1.1737463116222069,0.2136972189979769,-0.029790477409395333,0.0152183313521074
x_cb,6d,13,1.1253311096668452,0.0971172128837983,1.1406921329972468,0.1037187993377578,-0.015361023330401569,-0.006601586453959488
x_cb,6d,14,1.0365637458728576,0.0985514322063222,1.045490182088358,0.086186357851618,-0.008926436215500377,0.0123650743547042
x_cb,6d,15,1.18630668983923,0.1945550741781865,1.2063167367783925,0.138832350232521,-0.020010046939162418,0.05572272394566549
x_cb,6d,16,1.20855803382424,0.1829138578185556,1.216487548766363,0.1542998736595451,-0.007929514942122795,0.028613984159010508
x_cb,6d,17,1.111309331784892,0.128719908114601,1.122921240409595,0.1179703058111163,-0.011611908624702849,0.010749602303484693
x_cb,6d,18,1.119831562960374,0.1411476962658764,1.1298265832329089,0.1243190190646627,-0.00999502027253496,0.0168286772012137
x_cb,6d,19,1.1836773239804643,0.1788188540990017,1.2042511984788111,0.1490171312142151,-0.0205738744983468,0.029801722884786608
x_cb,6d,20,1.1164186482418974,0.1076499740895789,1.1353428122740006,0.1313196415847869,-0.018924164032103175,-0.023669667495208005
x_cb,6d,21,1.1212745096759742,0.1430604752112054,1.1365304124440134,0.171454016747315,-0.015255902768039231,-0.028393541536109596
x_cb,6d,22,1.076761477363237,0.1097985603417619,1.0975962579448788,0.125492753347286,-0.020834780581641787,-0.01569419300552409
x_cb,6d,23,1.162709207398601,0.1635607387359373,1.1685430683574185,0.1243356538235702,-0.005833860958817549,0.03922508491236709
x_cb,6d,24,1.223528063691483,0.0740094644449712,1.2362980756159196,0.1014131987871962,-0.01277001192443672,-0.027403734342224997
x_cb,6d,25,1.0674597484516817,0.238029136370645,1.0900840667035412,0.2678374545507875,-0.02262431825185951,-0.029808318180142512
x_cb,6d,26,1.1501456663703304,0.1681569891776012,1.157956548088009,0.1786295390453706,-0.0078108817176785195,-0.01047254986776941
x_cb,6d,27,1.1328934568779785,0.1712700123148547,1.162211332037275,0.1859581358497894,-0.029317875159296403,-0.014688123534934705
x_cb,6d,28,1.0453936277597573,0.2755363119413525,1.0638208846371962,0.268698907646917,-0.018427256877438847,0.006837404294435467
x_cb,6d,29,1.142265983897957,0.0969047967844591,1.1613636024954077,0.1162809701518681,-0.01909761859745074,-0.019376173367409003
x_rf,1d,0,1.1781405706234993,0.16579323359663,1.1781405706234993,0.16579323359663,0.0,0.0
x_rf,1d,1,1.141406184954499,0.3002209143493462,1.141406184954499,0.3002209143493462,0.0,0.0
x_rf,1d,2,1.2617232011372066,0.1026037187624022,1.2617232011372066,0.1026037187624022,0.0,0.0
x_rf,1d,3,1.1885503105616504,0.2722459750893135,1.1885503105616504,0.2722459750893135,0.0,0.0
x_rf,1d,4,1.228742783224071,0.1338193717647784,1.228742783224071,0.1338193717647784,0.0,0.0
x_rf,1d,5,1.2145392519481308,0.1165382285356931,1.2145392519481308,0.1165382285356931,0.0,0.0
x_rf,1d,6,1.1683348825679214,0.1718924641927267,1.1683348825679214,0.1718924641927267,0.0,0.0
x_rf,1d,7,1.2396710015849457,0.1083597009105018,1.2396710015849457,0.1083597009105018,0.0,0.0
x_rf,1d,8,1.2395131708285625,0.1735367163492621,1.2395131708285625,0.1735367163492621,0.0,0.0
x_rf,1d,9,1.218600485653729,0.1682925344460148,1.218600485653729,0.1682925344460148,0.0,0.0
x_rf,1d,10,1.1823357896609377,0.1486761505483264,1.1823357896609377,0.1486761505483264,0.0,0.0
x_rf,1d,11,1.1832861257119152,0.0872140838019462,1.1832861257119152,0.0872140838019462,0.0,0.0
x_rf,1d,12,1.3025466705045112,0.1432801962056982,1.3025466705045112,0.1432801962056982,0.0,0.0
x_rf,1d,13,1.1753473509228545,0.1416970248682955,1.1753473509228545,0.1416970248682955,0.0,0.0
x_rf,1d,14,1.1930626936004078,0.0999692988405472,1.1930626936004078,0.0999692988405472,0.0,0.0
x_rf,1d,15,1.2581138044459887,0.1064949911253184,1.2581138044459887,0.1064949911253184,0.0,0.0
x_rf,1d,16,1.2787174616148145,0.1674176170012982,1.2787174616148145,0.1674176170012982,0.0,0.0
x_rf,1d,17,1.2127156899336429,0.1451868745757626,1.2127156899336429,0.1451868745757626,0.0,0.0
x_rf,1d,18,1.244511761367059,0.0868923697673485,1.244511761367059,0.0868923697673485,0.0,0.0
x_rf,1d,19,1.2796364890197798,0.1193158044297079,1.2796364890197798,0.1193158044297079,0.0,0.0
x_rf,1d,20,1.2772312909092003,0.0964629040661583,1.2772312909092003,0.0964629040661583,0.0,0.0
x_rf,1d,21,1.2661382499130431,0.1403797534372003,1.2661382499130431,0.1403797534372003,0.0,0.0
x_rf,1d,22,1.237373536389419,0.1622475318775615,1.237373536389419,0.1622475318775615,0.0,0.0
x_rf,1d,23,1.2130959328254354,0.1213367056335379,1.2130959328254354,0.1213367056335379,0.0,0.0
x_rf,1d,24,1.2840588887898,0.1187063799129124,1.2840588887898,0.1187063799129124,0.0,0.0
x_rf,1d,25,1.1758009648775014,0.2256250732519825,1.1758009648775014,0.2256250732519825,0.0,0.0
x_rf,1d,26,1.2476921915315613,0.1547015953620785,1.2476921915315613,0.1547015953620785,0.0,0.0
x_rf,1d,27,1.24930321989508,0.2199795838538787,1.24930321989508,0.2199795838538787,0.0,0.0
x_rf,1d,28,1.1710531753436084,0.2177779204584765,1.1710531753436084,0.2177779204584765,0.0,0.0
x_rf,1d,29,1.2231405958086825,0.1742439172850445,1.2231405958086825,0.1742439172850445,0.0,0.0
x_rf,2d,0,1.1614838223479913,0.154997150910195,1.1641777223294236,0.1589845400957277,-0.002693899981432324,-0.003987389185532708
x_rf,2d,1,1.1401436546930592,0.2869960771703062,1.141406184954499,0.3002209143493462,-0.0012625302614397427,-0.01322483717904005
x_rf,2d,2,1.243946429386143,0.0807532713033019,1.2490842167649068,0.0807962093386911,-0.005137787378763692,-4.2938035389197826e-05
x_rf,2d,3,1.1836861575257651,0.2802424730188083,1.1833858000356932,0.266792611376253,0.00030035749007195633,0.013449861642555294
x_rf,2d,4,1.2122879642686826,0.0961382498000605,1.2140013342711993,0.0937609601069605,-0.001713370002516701,0.0023772896930999987
x_rf,2d,5,1.2078383179556422,0.1108809546452723,1.2085953576176436,0.1092626778071626,-0.0007570396620013575,0.0016182768381096946
x_rf,2d,6,1.159578246968597,0.1642012428309144,1.1618644035360886,0.1629333387630242,-0.0022861565674916484,0.0012679040678901798
x_rf,2d,7,1.2278895210569991,0.1050349776776583,1.2307873602427504,0.1127644831177025,-0.002897839185751261,-0.007729505440044193
x_rf,2d,8,1.2395131708285625,0.1735367163492621,1.2395131708285625,0.1735367163492621,0.0,0.0
x_rf,2d,9,1.218600485653729,0.1682925344460148,1.2191282219386672,0.1200917414291923,-0.000527736284938296,0.04820079301682251
x_rf,2d,10,1.1645636311397152,0.1451946578860936,1.1653132164573454,0.1412805139458341,-0.0007495853176302525,0.00391414394025949
x_rf,2d,11,1.1832861257119152,0.0872140838019462,1.1846340047783868,0.092178688988871,-0.0013478790664716023,-0.004964605186924792
x_rf,2d,12,1.297741188596208,0.1443655956086166,1.3018559227997557,0.1411524800304902,-0.0041147342035476875,0.0032131155781263965
x_rf,2d,13,1.171305526511199,0.1310786855499093,1.171305526511199,0.1310786855499093,0.0,0.0
x_rf,2d,14,1.1868356037419256,0.0819741284344378,1.1873332376368702,0.0801348568919773,-0.0004976338949445047,0.0018392715424604966
x_rf,2d,15,1.2571078309117305,0.0999865492532027,1.2571078309117305,0.0999865492532027,0.0,0.0
x_rf,2d,16,1.2787174616148145,0.1674176170012982,1.2787174616148145,0.1674176170012982,0.0,0.0
x_rf,2d,17,1.2127156899336429,0.1451868745757626,1.2120899866859145,0.1371204527023504,0.0006257032477283708,0.008066421873412194
x_rf,2d,18,1.2366277627023723,0.0789653352838608,1.2379352382019022,0.079228447838981,-0.0013074754995299198,-0.0002631125551202096
x_rf,2d,19,1.2645296097763798,0.1209447209973783,1.2645296097763798,0.1209447209973783,0.0,0.0
x_rf,2d,20,1.2749115623735874,0.0890375196758289,1.2749115623735874,0.0890375196758289,0.0,0.0
x_rf,2d,21,1.2661382499130431,0.1403797534372003,1.2661382499130431,0.1403797534372003,0.0,0.0
x_rf,2d,22,1.2206031082929634,0.164979231280991,1.2206031082929634,0.164979231280991,0.0,0.0
x_rf,2d,23,1.202839547025114,0.115818626155205,1.2032713637635988,0.1162197792793976,-0.0004318167384846916,-0.00040115312419260196
x_rf,2d,24,1.2840588887898,0.1187063799129124,1.2869256156507356,0.1255468262703983,-0.0028667268609356977,-0.006840446357485888
x_rf,2d,25,1.1479118020692094,0.1950843100969182,1.148228759054332,0.1987294462575109,-0.000316956985122685,-0.003645136160592699
x_rf,2d,26,1.2466457179039905,0.1414019061638044,1.2501937651498032,0.138853639539219,-0.003548047245812702,0.0025482666245854046
x_rf,2d,27,1.24930321989508,0.2199795838538787,1.2535091854146017,0.2100075911240751,-0.004205965519521682,0.009971992729803592
x_rf,2d,28,1.1675447029001695,0.1996413526053182,1.173412804841227,0.214786121490765,-0.005868101941057358,-0.015144768885446802
x_rf,2d,29,1.2136798098116472,0.1583479159137268,1.216597039606526,0.168186808596755,-0.0029172297948787396,-0.009838892683028205
x_rf,4d,0,1.1468376537633709,0.1557528149744032,1.151205347638473,0.1483506989448406,-0.004367693875102052,0.007402116029562589
x_rf,4d,1,1.1301607928188695,0.3037032074917165,1.1525236116915651,0.2840334023229732,-0.022362818872695645,0.019669805168743282
x_rf,4d,2,1.2387862400975225,0.0854089923050798,1.2391264528140855,0.0855895584235811,-0.00034021271656303753,-0.0001805661185012991
x_rf,4d,3,1.1649952990993928,0.2990115994122352,1.1759367014031092,0.301233458228311,-0.01094140230371643,-0.0022218588160757835
x_rf,4d,4,1.2063416557537403,0.1010414120754416,1.212107219232733,0.1033782675643398,-0.005765563478992597,-0.0023368554888982124
x_rf,4d,5,1.1935541750919223,0.1267581159736815,1.2015877730210869,0.1282347052521662,-0.008033597929164582,-0.0014765892784847079
x_rf,4d,6,1.1337407095606948,0.1538071115355263,1.1494505305298546,0.1555264184041165,-0.015709820969159738,-0.0017193068685902035
x_rf,4d,7,1.187008885622329,0.1268067732866833,1.2044820116801525,0.1464533874817596,-0.017473126057823363,-0.019646614195076295
x_rf,4d,8,1.22700107172772,0.1849677366251597,1.2348166695348592,0.2014581343836797,-0.007815597807139252,-0.016490397758520015
x_rf,4d,9,1.2029928702481492,0.1142108195154931,1.2113710376309064,0.0955415346048366,-0.008378167382757207,0.018669284910656503
x_rf,4d,10,1.1662360214140266,0.1444097609453135,1.1677995310712246,0.12221654531164,-0.0015635096571979812,0.02219321563367349
x_rf,4d,11,1.1735232964856452,0.1131914809067976,1.1720287521248784,0.1141995967746931,0.0014945443607667919,-0.0010081158678954955
x_rf,4d,12,1.2606052428873362,0.2310558939031335,1.281670303784774,0.2122737072708209,-0.02106506089743787,0.018782186632312597
x_rf,4d,13,1.1753473509228545,0.1416970248682955,1.1798624845364578,0.1292731682215012,-0.004515133613603339,0.012423856646794296
x_rf,4d,14,1.1777656532447456,0.0887620652622711,1.1828688789768147,0.0872780160367291,-0.0051032257320691166,0.001484049225541989
x_rf,4d,15,1.2406305575338503,0.1149976331565837,1.2416844529905164,0.1425030131125572,-0.0010538954566661207,-0.02750537995597349
x_rf,4d,16,1.2543203594635808,0.1574017435180031,1.2451280138957592,0.1625543012994736,0.009192345567821558,-0.0051525577814705015
x_rf,4d,17,1.1958121425636392,0.1286334314951749,1.212517631712143,0.1152287990312947,-0.016705489148503894,0.013404632463880198
x_rf,4d,18,1.2234316099117457,0.0775743268821454,1.2337272843978446,0.069566768937964,-0.010295674486098916,0.008007557944181398
x_rf,4d,19,1.2439213704188905,0.1422408748995209,1.2585647265146267,0.1280924747350141,-0.014643356095736193,0.014148400164506802
x_rf,4d,20,1.2269873895905612,0.122043533504734,1.2367568818717702,0.1474120843719696,-0.009769492281209047,-0.025368550867235592
x_rf,4d,21,1.2565535610780565,0.1380146604494364,1.2693443918590697,0.1262343507708009,-0.012790830781013174,0.011780309678635498
x_rf,4d,22,1.1921944705577945,0.1619322065780562,1.2090965671287708,0.1620238583918413,-0.0169020965709763,-9.165181378509302e-05
x_rf,4d,23,1.184844845181625,0.1443172931288843,1.192991203447784,0.1791478697794029,-0.00814635826615917,-0.034830576650518585
x_rf,4d,24,1.2543898992891205,0.0973353242910987,1.2730566264331835,0.0902208421425367,-0.018666727144063033,0.007114482148562001
x_rf,4d,25,1.1502511847937889,0.2147478786186926,1.1494692813657323,0.1971220916000796,0.0007819034280565074,0.017625787018613004
x_rf,4d,26,1.2401822748127342,0.1551163239546175,1.2384436504595082,0.1505314636748362,0.001738624353226026,0.004584860279781305
x_rf,4d,27,1.215093239725168,0.2497377464002585,1.2322845907269495,0.2022615377807996,-0.017191351001781596,0.04747620861945889
x_rf,4d,28,1.1602562294931322,0.2304828322407688,1.1664364937929064,0.2784139331015303,-0.006180264299774141,-0.047931100860761494
x_rf,4d,29,1.21507011860661,0.1684237199702474,1.2217668472374996,0.1497277671132941,-0.006696728630889659,0.018695952856953302
x_rf,6d,0,1.1464615911885392,0.1410249887350831,1.150046365299368,0.1453575393954338,-0.0035847741108288034,-0.004332550660350709
x_rf,6d,1,1.1355330267549413,0.3024491054431406,1.1466868498076277,0.3243995868099669,-0.011153823052686418,-0.021950481366826313
x_rf,6d,2,1.2423606522117934,0.0910815812672974,1.2456467766876365,0.1062548356324812,-0.0032861244758430885,-0.015173254365183797
x_rf,6d,3,1.1664141746860273,0.2988736731825825,1.1705347925507277,0.2697410151493944,-0.0041206178647004155,0.029132658033188097
x_rf,6d,4,1.213033512198069,0.0917505764710357,1.2286339041743906,0.1111270027300538,-0.01560039197632146,-0.0193764262590181
x_rf,6d,5,1.1972116100213872,0.1276684919992577,1.2048524586996494,0.1210409302766263,-0.007640848678262202,0.006627561722631403
x_rf,6d,6,1.1472999240823427,0.1423533042374387,1.1479597573379932,0.1395606869985263,-0.0006598332556504438,0.002792617238912387
x_rf,6d,7,1.1877700696953928,0.129312790103875,1.2044703647238202,0.1081960359910567,-0.016700295028427403,0.021116754112818298
x_rf,6d,8,1.230612090996288,0.1895523407576301,1.238762368584109,0.1792893960717922,-0.008150277587820831,0.01026294468583791
x_rf,6d,9,1.2067127271967786,0.1251250548956594,1.2121377980077044,0.1069776035655139,-0.005425070810925803,0.01814745133014549
x_rf,6d,10,1.1687261629403034,0.1191810756724537,1.178269153729922,0.1185715871225269,-0.00954299078961851,0.0006094885499268038
x_rf,6d,11,1.1770027615666463,0.1089893594936999,1.173755305079477,0.1193280300173301,0.003247456487169398,-0.010338670523630203
x_rf,6d,12,1.2715779566949896,0.2042676201667995,1.2751163310053335,0.200531993188479,-0.0035383743103438725,0.0037356269783205
x_rf,6d,13,1.171861704347033,0.132593329279574,1.1741968413620036,0.1150173297315556,-0.0023351370149706785,0.017575999548018417
x_rf,6d,14,1.1785143976219652,0.0758384783554377,1.183424814065764,0.0934331830761155,-0.0049104164437987485,-0.017594704720677812
x_rf,6d,15,1.2385065038367804,0.191252569289482,1.2413535892892356,0.127586438354751,-0.002847085452455156,0.063666130934731
x_rf,6d,16,1.256234451305101,0.1551015841132487,1.2608165798110882,0.1564852098926075,-0.004582128505987271,-0.0013836257793587992
x_rf,6d,17,1.203889830994224,0.1402273259188016,1.2097444188343158,0.1106839431704572,-0.005854587840091741,0.029543382748344407
x_rf,6d,18,1.225391993790353,0.0730986168833808,1.2369625869834573,0.0723546610211484,-0.011570593193104273,0.0007439558622324011
x_rf,6d,19,1.2465505035381466,0.1383365494363796,1.249321999032911,0.1486951470939131,-0.002771495494764409,-0.010358597657533497
x_rf,6d,20,1.2200212149657073,0.1153895546673142,1.2335770233425016,0.1298622901246531,-0.013555808376794376,-0.014472735457338917
x_rf,6d,21,1.2588767459157644,0.1337570303028822,1.2689704820029328,0.1297471394503716,-0.010093736087168459,0.004009890852510578
x_rf,6d,22,1.201965517314811,0.1745133141440764,1.2129987568761769,0.1635488560188988,-0.011033239561365926,0.0109644581251776
x_rf,6d,23,1.1929122748113024,0.1768226836207546,1.1876769570736816,0.1584969870614355,0.005235317737620759,0.018325696559319093
x_rf,6d,24,1.2650672315372582,0.1014964667482102,1.2796701797217345,0.0836019503068599,-0.014602948184476272,0.01789451644135029
x_rf,6d,25,1.145316893419464,0.201128816642948,1.1503873284649486,0.2062542265474234,-0.005070435045484656,-0.005125409904475409
x_rf,6d,26,1.240536379627679,0.1727236305070285,1.234762522890418,0.1579331396085029,0.005773856737260941,0.014790490898525605
x_rf,6d,27,1.2338799128207227,0.2330656302145485,1.231081833124298,0.1974793667087044,0.002798079696424649,0.03558626350584412
x_rf,6d,28,1.1626059893003264,0.2418245474376688,1.1647487388059277,0.2490111167540976,-0.002142749505601227,-0.007186569316428804
x_rf,6d,29,1.2181359521473178,0.162222087097839,1.2208127912193178,0.1197085747260565,-0.0026768390720000035,0.0425135123717825
